customer_id,customer_name,email,registration_date,customer_type
1,Allison Hill,donaldgarcia@example.net,2026-03-22,PREMIUM
2,Javier Johnson,jesseguzman@example.net,2024-02-21,REGULAR
3,Kimberly Robinson,lisa02@example.net,2024-10-24,REGULAR
4,Daniel Gallagher,daviscolin@example.com,2025-05-10,PREMIUM
5,Monica Herrera,smiller@example.net,2025-05-26,REGULAR
6,Laura Bush,stanleykendra@example.org,2026-02-10,PREMIUM
7,Jamie Chavez,francisco53@example.net,2024-05-06,PREMIUM
8,Maria Lynch,amandasanchez@example.com,2024-09-06,VIP
9,Margaret Hawkins DDS,perezantonio@example.com,2024-09-30,PREMIUM
10,Thomas Bradley,jason76@example.net,2024-12-02,REGULAR
11,David Hoffman,julie69@example.com,2024-08-18,VIP
12,Brenda Snyder PhD,hernandezernest@example.net,2024-10-23,PREMIUM
13,James Ferrell,tasha01@example.net,2026-03-14,VIP
14,Patricia Peterson,ryan70@example.net,2026-03-04,REGULAR
15,Jonathan White,harrellkenneth@example.net,2025-01-25,PREMIUM
16,James Martin,georgetracy@example.org,2026-05-02,REGULAR
17,Sandra Parker,allenashley@example.org,2023-10-20,VIP
18,Mr. Philip Cannon,donnaarroyo@example.org,2024-05-04,PREMIUM
19,Jenny Lewis,jenniferross@example.net,2025-06-30,VIP
20,Joseph Martinez,calebsmith@example.net,2024-03-27,VIP
21,Benjamin Welch,carlosjohnson@example.com,2023-10-04,PREMIUM
22,Michael Lewis,jenniferkhan@example.net,2024-12-18,VIP
23,Rhonda Lee,hopkinsmichael@example.com,2024-12-11,REGULAR
24,Megan Joyce,brownjessica@example.org,2024-04-16,VIP
25,Jerry Henderson,steven17@example.net,2023-11-03,REGULAR
26,Kimberly Smith,housemelinda@example.org,2024-10-06,REGULAR
27,Dr. Steven Martin,gallowayjoseph@example.com,2024-05-26,VIP
28,Monica Logan,smoore@example.org,2026-06-14,REGULAR
29,Kimberly Adkins,williamsthomas@example.net,2024-01-07,PREMIUM
30,Angela Lopez,leonardjoe@example.org,2026-05-15,REGULAR
31,Lauren Williams,barnesbrandy@example.net,2024-06-29,REGULAR
32,Michael Edwards,randy47@example.com,2026-05-02,REGULAR
33,Alexandra Howell,jonesjason@example.com,2023-12-11,PREMIUM
34,Benjamin Sanchez,eric84@example.net,2026-07-01,PREMIUM
35,Kendra Contreras,sarah12@example.com,2023-11-22,PREMIUM
36,Juan Nelson,jenniferharris@example.net,2026-02-07,VIP
37,Danielle Odonnell,davisrodney@example.com,2023-09-05,PREMIUM
38,Carlos Whitney,joycearnold@example.com,2025-03-24,REGULAR
39,Tony Vazquez,amydavenport@example.net,2025-03-15,PREMIUM
40,Andrew Diaz,nolanjason@example.org,2025-07-18,PREMIUM
41,Justin Baxter,sarayoung@example.org,2026-06-22,REGULAR
42,Sierra Johnson,kimberly63@example.com,2024-01-09,VIP
43,Janet Williams,dwalker@example.com,2024-06-17,PREMIUM
44,Crystal Johnson,raymondramirez@example.org,2026-06-12,VIP
45,Martin Ross,sheila14@example.org,2025-04-15,VIP
46,Mrs. Linda Reed,samuel81@example.com,2026-03-30,VIP
47,Andrew Graham,michaeljones@example.net,2026-04-23,REGULAR
48,Mary Martinez,william65@example.com,2025-08-21,VIP
49,Cheryl Ortega,lbyrd@example.net,2025-04-02,VIP
50,Roy Torres,russellcarpenter@example.net,2024-07-06,REGULAR
51,Michael Dixon,donnacampbell@example.net,2025-06-11,VIP
52,Robert Potter,jeffrey32@example.org,2023-09-07,VIP
53,Miss Patricia Gibson,jennifercruz@example.com,2024-04-11,REGULAR
54,Abigail Potter,osbornejeffery@example.net,2025-02-05,REGULAR
55,David Charles,danderson@example.net,2025-02-20,PREMIUM
56,Emily Fischer,usalazar@example.net,2024-10-28,PREMIUM
57,Jill Moore,wcole@example.org,2026-01-24,PREMIUM
58,Richard Washington,joshuajones@example.com,2024-04-01,VIP
59,Steven Miller,jessebenson@example.net,2024-03-09,VIP
60,Gary Owens,clarkrobert@example.net,2026-05-20,VIP
61,Spencer Johnston,wsmith@example.com,2025-10-21,REGULAR
62,Tiffany Barnes,tracynelson@example.com,2023-08-19,VIP
63,Michael Powell,marycalhoun@example.net,2025-02-23,PREMIUM
64,Leslie Alvarado,dayderekexample.com,2024-02-03,REGULAR
65,Garrett Gibson,kathleen64@example.com,2024-04-20,REGULAR
66,Alec Ryan,jeffrey10@example.org,2026-05-24,REGULAR
67,Alex Hernandez,thomaswilson@example.org,2024-12-09,PREMIUM
68,Jacob Obrien,stricklandfrank@example.com,2023-11-14,PREMIUM
69,Eric Byrd,tsanders@example.org,2023-10-10,PREMIUM
70,Lori Garcia,melissa91@example.net,2025-11-22,REGULAR
71,Jeffrey Wood,alexander67@example.org,2024-11-05,REGULAR
72,Steven Stevens,ryangross@example.net,2024-05-10,VIP
73,Kimberly Webb,lpetersen@example.com,2024-07-06,VIP
74,Timothy Ramirez,dsanchez@example.net,2025-05-17,PREMIUM
75,Allen Rosales,tonykelly@example.com,2024-07-26,REGULAR
76,Meredith Hill,blackjames@example.org,2025-09-15,VIP
77,Peter Vaughn DDS,bwest@example.org,2024-06-05,PREMIUM
78,David Beck,thomas85@example.com,2026-07-15,PREMIUM
79,Heather Chavez,john13@example.com,2023-11-27,VIP
80,Pamela Lopez,joannahill@example.net,2026-06-23,PREMIUM
81,Diane Garcia,kennethward@example.com,2023-08-03,REGULAR
82,Denise Mccann,heidi27@example.org,2026-03-01,PREMIUM
83,Julie Alexander,tammyking@example.com,2023-11-21,REGULAR
84,John Ray,hernandezlisa@example.com,2023-10-20,REGULAR
85,Justin Butler,kimberlyjames@example.com,2024-06-08,VIP
86,Jessica Carroll,lynchjody@example.org,2025-06-03,VIP
87,Brad Allen,moorericky@example.net,2025-04-29,VIP
88,David Mann,ojones@example.com,2025-11-28,PREMIUM
89,Mary Peck,owilson@example.net,2023-12-29,VIP
90,Charles Brown,brooke94@example.com,2023-12-02,VIP
91,Melissa Bender,mkim@example.org,2026-03-19,PREMIUM
92,Lindsey Johnson,suzannehuff@example.net,2025-04-22,VIP
93,Phillip Underwood,hinesgregory@example.net,2025-07-02,PREMIUM
94,Catherine Richards,ecosta@example.com,2024-10-08,PREMIUM
95,Brian Martin,ssteele@example.net,2026-05-19,REGULAR
96,Krista Gibson,johnny16@example.net,2026-01-08,REGULAR
97,Sean Murray,lopezmichael@example.com,2025-06-03,VIP
98,Christina Dunn,samuel71@example.org,2026-06-19,PREMIUM
99,Cynthia Moore,tranchristopher@example.org,2024-12-05,REGULAR
100,Ronnie Jimenez,william46@example.com,2026-06-27,REGULAR
101,Juan Reyes,michellehill@example.com,2024-07-25,REGULAR
102,Debra Smith,mary97@example.org,2024-11-19,REGULAR
103,Mr. Phillip Bennett,molly39@example.com,2024-03-30,VIP
104,Amanda Garner,qhughes@example.net,2026-06-27,REGULAR
105,Andrew Shaw MD,sawyerscott@example.net,2026-04-11,VIP
106,Charles Pitts,charlesharrington@example.com,2024-07-24,PREMIUM
107,Marie Christian,ofinley@example.net,2026-03-17,VIP
108,Joshua Williamson II,wendy16@example.org,2025-10-29,REGULAR
109,Ashlee Jackson,rebecca05@example.org,2024-06-04,PREMIUM
110,Charles Schmidt,georgemiller@example.com,2025-05-28,PREMIUM
111,Thomas Thomas,dlittle@example.com,2025-07-18,VIP
112,Julie Roberts,charleslandry@example.net,2024-06-10,PREMIUM
113,Melissa Bryant,james67@example.org,2024-04-03,VIP
114,Laura Haney,andrew64@example.org,2025-03-30,PREMIUM
115,Natasha Williams,swall@example.org,2025-05-14,VIP
116,Mark Oliver,courtneyberger@example.net,2023-08-31,REGULAR
117,Amanda Diaz,christopherphillips@example.net,2024-10-16,VIP
118,Richard Walter,alyssa42@example.com,2026-04-15,VIP
119,Tracy Phillips,linda71@example.org,2025-10-22,REGULAR
120,Michael Craig,zcoffey@example.net,2024-08-22,VIP
121,Alexis Herrera,vrichardson@example.net,2024-05-01,VIP
122,Mark Watson,thomasharvey@example.net,2024-07-12,PREMIUM
123,Maria Reid,tblankenship@example.net,2024-10-08,VIP
124,Tracy Torres,pwilson@example.net,2023-12-14,PREMIUM
125,Michael Paul,umatthews@example.org,2026-03-15,REGULAR
126,Sandra Gilbert,antonio53@example.com,2024-11-17,PREMIUM
127,Jack Pollard,amy50@example.com,2024-05-16,PREMIUM
128,Tiffany Holloway,batesdarlene@example.net,2026-06-17,REGULAR
129,Gavin Zhang,caseyhubbard@example.org,2025-04-21,PREMIUM
130,Crystal Schroeder,ramireztracey@example.org,2025-03-02,REGULAR
131,Ashley Delacruz,alexistyler@example.org,2025-04-24,VIP
132,Derek Martinez,vfox@example.org,2024-12-21,VIP
133,Kayla Rodriguez,soniawilliams@example.net,2025-02-09,PREMIUM
134,Victor Brown,bboone@example.net,2023-11-14,VIP
135,Jill Lam,charlene12@example.com,2025-06-02,REGULAR
136,Michelle James,shawn96@example.org,2025-12-04,VIP
137,Matthew Rich,russellbeasley@example.com,2024-07-24,REGULAR
138,Jason Davis,qedwards@example.com,2026-05-29,VIP
139,Kara Davis,daviscolin@example.net,2024-08-30,PREMIUM
140,Anthony Frye,elizabeth65@example.net,2026-05-15,VIP
141,Thomas Williams,caroline51@example.net,2025-01-25,VIP
142,John Boone,megan51@example.com,2025-04-08,VIP
143,Sarah Villegas,lynchdiane@example.net,2024-05-07,REGULAR
144,Michael Parker,michael22@example.net,2025-07-08,REGULAR
145,Patrick Bonilla,reesejason@example.com,2024-11-27,PREMIUM
146,Eric Nguyen,wareeric@example.net,2023-09-11,REGULAR
147,Jeremy Coleman,nperry@example.net,2023-11-20,VIP
148,Douglas Gregory,trose@example.org,2024-03-16,VIP
149,Mrs. Christine Dougherty,kathrynroberts@example.org,2023-07-27,REGULAR
150,Casey James,vincentwhitaker@example.com,2023-10-05,VIP
151,Amanda Smith,atkinsbarbara@example.net,2024-10-04,PREMIUM
152,Donna Sullivan,george97@example.net,2026-04-22,PREMIUM
153,Ryan Sanchez,zwarren@example.com,2025-10-13,REGULAR
154,Richard Jones,schmidtjames@example.com,2024-08-06,REGULAR
155,Maria Hernandez,thomasjames@example.net,2024-01-02,PREMIUM
156,Angela Bean,kmarshall@example.net,2024-11-22,PREMIUM
157,Kristy Reid,michelle52@example.com,2023-10-01,REGULAR
158,Eric Hill,bellcharles@example.com,2024-11-25,REGULAR
159,Ronald Jones,gilbertwilliam@example.com,2025-04-15,REGULAR
160,Nancy Williams,marcalvarez@example.org,2026-06-02,VIP
161,Robert Monroe,wagnergeraldexample.org,2025-09-01,REGULAR
162,Kelly Bishop MD,paul59@example.org,2025-11-29,REGULAR
163,Andrea Davis,umitchell@example.net,2026-06-09,VIP
164,Brittany Miller,sabrinacollins@example.net,2025-08-22,PREMIUM
165,Kurt Hurley,angelica52@example.net,2025-08-27,REGULAR
166,Yolanda Gaines,lucasrodney@example.com,2023-08-07,VIP
167,Trevor Peterson,ilee@example.org,2023-10-11,REGULAR
168,Ashley Wise,stanleynancy@example.net,2023-12-09,REGULAR
169,Christopher Guerra,jenniferwilliams@example.com,2025-07-29,VIP
170,Jeremy Mitchell,pyoungexample.com,2026-06-11,PREMIUM
171,Stephanie Lee,smurray@example.com,2025-01-20,VIP
172,Christopher Gonzalez,moniquewilliams@example.com,2026-03-03,REGULAR
173,Ashley Singleton,mitchellkathryn@example.com,2024-11-22,PREMIUM
174,Sandra Davis,lisawilkerson@example.org,2024-10-15,VIP
175,James Hughes,brooksanthony@example.org,2026-01-23,VIP
176,Raven Taylor,samantha72@example.net,2024-12-14,PREMIUM
177,Susan Smith,marydunn@example.net,2025-05-16,REGULAR
178,Ricardo Young,williamsrobert@example.net,2024-11-30,VIP
179,Taylor Carlson,chenbailey@example.net,2023-12-23,VIP
180,Lucas Allen,qlopez@example.org,2025-02-11,VIP
181,Troy Stephens,myerstheodore@example.net,2024-09-15,REGULAR
182,Paul Kelly,cooperjessica@example.net,2023-11-09,VIP
183,Nicole Anderson,amy27@example.net,2024-12-24,PREMIUM
184,Chad Baldwin,mjohnson@example.org,2025-12-02,PREMIUM
185,Emily Collins,ihays@example.com,2024-04-21,VIP
186,Cheryl Kelly,glennmartin@example.org,2025-12-11,VIP
187,James Gonzales,lmorgan@example.com,2025-08-15,PREMIUM
188,Robert Adams,acostachristian@example.net,2026-07-13,PREMIUM
189,Edward Garcia,donna47@example.net,2025-09-12,VIP
190,Jeremy West,christina64@example.net,2026-06-27,PREMIUM
191,Angela Walsh,william20@example.org,2026-02-03,REGULAR
192,Jessica Martinez,kimberlydiaz@example.com,2026-05-24,REGULAR
193,Christian Cole,nathan19@example.org,2025-02-18,REGULAR
194,Matthew Wright,johnsonjacob@example.net,2024-09-15,REGULAR
195,Deborah Green,nlewis@example.com,2025-08-17,PREMIUM
196,Mrs. Brandy Jones MD,zosborn@example.net,2026-06-13,REGULAR
197,Miss Michelle Pierce,patricia22@example.com,2025-01-26,VIP
198,Curtis Taylor,jjohnson@example.net,2024-08-26,VIP
199,Kristen Salazar,jonesraymond@example.net,2025-09-13,REGULAR
200,Patricia Morrow,martinezlogan@example.org,2024-11-23,VIP
201,Haley Humphrey,katrinaanderson@example.net,2026-04-12,REGULAR
202,Caleb Hernandez,fernandodonovan@example.org,2024-08-01,REGULAR
203,Stephanie Singleton,james84@example.org,2025-06-03,REGULAR
204,Anna Davidson,georgeweber@example.net,2024-07-23,VIP
205,Amanda Shields,williamsdarlene@example.net,2024-05-04,VIP
206,Kenneth Montgomery,jimenezcourtney@example.com,2025-06-21,REGULAR
207,David Aguirre,eevans@example.net,2023-09-22,REGULAR
208,John Harris,larryhiggins@example.net,2026-07-05,REGULAR
209,James Hodges,floressteven@example.com,2024-11-22,REGULAR
210,Anthony Dougherty,kwright@example.com,2026-05-07,PREMIUM
211,Cheryl Moore,tjimenez@example.com,2023-08-13,REGULAR
212,Kathy Levy,brandywilliams@example.com,2025-01-11,VIP
213,Martha Ruiz,booneryan@example.com,2025-09-23,REGULAR
214,Holly Morales,michaelroberts@example.com,2025-01-21,PREMIUM
215,Diana Hays,andersoncolin@example.com,2025-12-06,VIP
216,Todd Fischer,carriemorales@example.org,2023-09-06,PREMIUM
217,Gary Wells,ghernandez@example.org,2024-07-12,REGULAR
218,Carla Ewing,brittney88@example.net,2025-01-05,VIP
219,Karen Smith,emily69@example.com,2025-12-08,REGULAR
220,Melissa Johnson,pbaker@example.net,2025-04-12,VIP
221,Lauren Jackson,rhernandez@example.org,2023-08-22,VIP
222,Ashley Smith,robert63@example.com,2025-01-18,VIP
223,Kaitlyn Charles,thorntonapril@example.net,2024-07-09,PREMIUM
224,Kelly Edwards,stevepatel@example.net,2024-08-10,REGULAR
225,Michelle Schneider,chelsea33@example.com,2025-03-21,PREMIUM
226,William Evans,janet75@example.com,2024-08-04,PREMIUM
227,Rebecca Hill,berryamy@example.com,2025-12-31,REGULAR
228,Regina Roberts,stephanie15@example.com,2025-07-06,REGULAR
229,Cindy Clayton,sarah42@example.org,2025-05-23,REGULAR
230,Dana Santiago,danawilliams@example.com,2024-07-15,VIP
231,Michael Taylor,richarddonovan@example.com,2024-12-23,PREMIUM
232,Victor Morris,velezchristopher@example.net,2024-03-29,PREMIUM
233,Sarah Johnson,robertmonroe@example.org,2026-07-15,PREMIUM
234,Jon Zuniga,nancy04@example.net,2025-05-09,PREMIUM
235,Frances Gibson,ismall@example.net,2024-12-12,PREMIUM
236,Brian Martin,twong@example.org,2023-08-03,VIP
237,Edward Craig,gregorychase@example.com,2026-01-10,REGULAR
238,Angie Caldwell,tinawoods@example.org,2023-07-26,VIP
239,Jeremy Adams,kevin90@example.com,2025-07-04,VIP
240,Amy Wilson,erik84@example.net,2023-11-24,VIP
241,Elizabeth Mendez,susanmendoza@example.com,2025-10-15,REGULAR
242,Jennifer Dunn,ztodd@example.net,2026-01-08,REGULAR
243,Melanie Larson,foxallison@example.com,2023-10-12,PREMIUM
244,Amy Kelley,ashleyhernandez@example.com,2026-02-09,VIP
245,Michael Love,gdavis@example.com,2025-12-21,PREMIUM
246,Jose Bryant,hansenemily@example.com,2025-09-18,REGULAR
247,Robert Reese,williamsmelvin@example.org,2025-03-03,REGULAR
248,Steven Andersen,ajohnson@example.org,2025-11-07,REGULAR
249,Veronica Brewer,ybrooks@example.com,2026-02-26,REGULAR
250,Jaime Vega,desireebailey@example.org,2026-07-11,VIP
251,Cameron Irwin,avilatiffany@example.com,2025-07-26,PREMIUM
252,Kim Morrow,stevenmoore@example.org,2026-05-11,REGULAR
253,Ashley Pacheco,bmendez@example.org,2024-02-29,PREMIUM
254,Andrew Harper,sanchezbradley@example.com,2024-03-31,REGULAR
255,Scott Brown,jim95@example.net,2025-05-04,PREMIUM
256,Erica Turner,valerieboyd@example.com,2024-06-12,PREMIUM
257,Travis Hobbs,conniesimmons@example.com,2023-09-08,REGULAR
258,Mason James,heather62@example.com,2024-09-03,REGULAR
259,Kara Atkinson,meredith27@example.org,2025-03-26,PREMIUM
260,Kristin Anderson,jonathanrivera@example.org,2026-04-24,VIP
261,Anna Hardy,brettbennett@example.net,2025-05-09,REGULAR
262,Chelsea Gill,timothybooth@example.com,2024-06-15,REGULAR
263,Christy Lee,burgesskaren@example.org,2025-08-19,VIP
264,Jennifer Allen,kimberly67@example.net,2025-06-28,VIP
265,Ian Andrade,ugarcia@example.com,2025-10-30,REGULAR
266,Dale Edwards,hartjeffrey@example.org,2023-08-05,REGULAR
267,Lauren Cortez,elijah53@example.com,2025-04-03,REGULAR
268,Juan Harding,jonathan77@example.com,2024-01-19,REGULAR
269,Caroline Cortez,iwhite@example.net,2026-06-02,PREMIUM
270,Sara Jones,duranrobert@example.net,2024-03-28,PREMIUM
271,Alexa Wagner,bruce97@example.net,2025-01-03,PREMIUM
272,Juan Smith,amanda40@example.net,2025-12-26,REGULAR
273,Renee Browning,hullalice@example.org,2024-02-14,PREMIUM
274,Robin Adams,zmiller@example.com,2025-03-29,REGULAR
275,Courtney Sutton DVM,davisnicholas@example.net,2024-12-21,REGULAR
276,Michele Miller,vnewman@example.net,2026-06-24,PREMIUM
277,Stephanie Ellison,jasonparrish@example.net,2024-12-21,REGULAR
278,Benjamin Frost,whitemelissa@example.org,2026-06-06,PREMIUM
279,Nicole Marquez,thickman@example.org,2025-03-28,PREMIUM
280,Sarah Rhodes,patrick21@example.net,2025-10-13,PREMIUM
281,Brent Hall,petersonkayla@example.net,2024-09-25,PREMIUM
282,Alyssa Nelson,whenry@example.net,2026-05-15,PREMIUM
283,Michael Guerrero,bartonkenneth@example.org,2025-09-07,VIP
284,Christian Dawson,jodistewart@example.org,2023-10-27,VIP
285,Jill Juarez,andersonjacob@example.com,2025-03-20,VIP
286,Ashley Davis,carlsonkristen@example.com,2023-08-01,VIP
287,Richard Hardy,ashleyjackson@example.com,2024-01-20,VIP
288,Derrick Thomas,ryanfisher@example.com,2025-11-22,PREMIUM
289,Tony Le,mwheeler@example.com,2023-11-13,REGULAR
290,Travis Cook,vbrock@example.com,2024-07-19,REGULAR
291,Shannon Mccann,kevinmorrison@example.net,2024-02-24,PREMIUM
292,Vincent Novak,jessica79@example.org,2024-07-10,REGULAR
293,Richard Diaz,brittanygardner@example.net,2025-11-06,REGULAR
294,Nicholas Hahn,samuelcarter@example.net,2023-10-02,VIP
295,Rebecca Chambers,cynthiaallen@example.net,2024-01-03,VIP
296,James Cole,iaguilar@example.net,2026-04-26,VIP
297,Jennifer Johnson,jacqueline89@example.net,2026-04-16,REGULAR
298,David Ortega,deborahwilliams@example.net,2025-07-30,VIP
299,Paul Sheppard,grodriguez@example.com,2024-03-18,PREMIUM
300,Kristin Watts,seanmyers@example.net,2025-04-24,REGULAR
301,Haley Johnson,phillipssamantha@example.org,2023-11-23,REGULAR
302,Brenda Collins,hmueller@example.com,2024-08-03,VIP
303,Nathan Chavez,evanslisa@example.org,2023-08-12,PREMIUM
304,Brian Marsh,zacharyarnold@example.com,2025-03-23,VIP
305,Crystal Sullivan,jacobsandoval@example.com,2023-08-19,VIP
306,Christina Vargas,nsmith@example.org,2024-05-19,REGULAR
307,Rebecca Ray,michaelgonzalez@example.org,2024-05-01,REGULAR
308,Kelsey Fowler,lcarr@example.org,2024-08-03,VIP
309,Lisa Cervantes,samantha91@example.net,2023-12-12,REGULAR
310,Eric White,williambarnes@example.org,2025-04-08,REGULAR
311,John Medina,angelaburns@example.org,2024-02-09,REGULAR
312,Lisa Glenn,washingtonjames@example.com,2026-06-09,VIP
313,Kathleen Cohen,cmckinney@example.com,2024-01-18,REGULAR
314,Rebecca Walker,hillamanda@example.org,2025-11-20,VIP
315,Patricia Simpson,armstrongjoseph@example.net,2026-01-06,REGULAR
316,Rodney Williams,bpayne@example.org,2025-10-02,PREMIUM
317,Danielle Golden,colemichael@example.org,2024-11-11,REGULAR
318,Patricia Young PhD,michelle96@example.org,2025-05-24,VIP
319,Robin Trujillo,amanda98@example.org,2024-07-07,REGULAR
320,Donna Adams,taylorkarenexample.com,2026-04-20,VIP
321,Sharon Martinez DVM,dustinmorris@example.org,2025-10-30,VIP
322,Katherine Ray,courtney67@example.org,2025-06-12,REGULAR
323,Anna Robertson,heather57@example.com,2024-07-11,VIP
324,Raymond Oconnor,sreid@example.com,2026-02-04,REGULAR
325,Jennifer Donaldson,troymorris@example.com,2024-07-23,PREMIUM
326,Kylie Washington,patricia00@example.org,2025-06-04,VIP
327,Alexis Noble,scottsmith@example.com,2024-02-25,VIP
328,Bonnie Santos,nancymcdowell@example.org,2025-07-05,VIP
329,Jacob Mckee,brettgarrett@example.net,2025-08-23,VIP
330,Matthew Padilla,lewischristian@example.net,2024-03-22,PREMIUM
331,Alexandra Dominguez,mcneilrobert@example.org,2024-12-23,PREMIUM
332,Brandon Shaffer,edwardsnicole@example.org,2024-09-10,REGULAR
333,Shelly May,caseyelliott@example.net,2025-06-30,VIP
334,Nathan Fuller,samanthajensen@example.com,2026-02-15,VIP
335,Brian Goodwin,bbell@example.com,2025-12-02,PREMIUM
336,Matthew Wright,kimberly04@example.org,2025-02-05,REGULAR
337,Nicole Phillips,bowerslaura@example.org,2025-01-11,PREMIUM
338,Jonathan Wheeler,hatfieldsarah@example.org,2024-09-14,PREMIUM
339,Jennifer Payne,kathrynbest@example.org,2023-08-06,REGULAR
340,Dennis Williams,fryraymondexample.com,2025-06-06,VIP
341,Jennifer Miles,davidsonamandaexample.org,2024-05-18,VIP
342,Jorge Harris,amandamyers@example.net,2025-11-01,PREMIUM
343,Maria Collins,pblair@example.org,2024-04-11,PREMIUM
344,Audrey Salazar,parkerjudith@example.net,2024-01-27,PREMIUM
345,Chad Smith,hbenton@example.net,2025-11-23,REGULAR
346,Carol Martinez,jessica10@example.com,2025-12-19,REGULAR
347,Austin Joseph,crawfordwilliam@example.org,2025-01-16,PREMIUM
348,Holly Scott,shannonemily@example.org,2024-03-25,VIP
349,Amanda Roy,brandoncox@example.org,2024-01-31,VIP
350,Amanda Pratt,pwalker@example.com,2026-04-17,REGULAR
351,Roger Duncan,shawrachel@example.org,2024-03-19,REGULAR
352,Amber Morales,xcline@example.com,2024-07-11,VIP
353,Aimee Gonzalez,jodi37@example.com,2025-04-27,REGULAR
354,Raymond Gonzalez DVM,edwardrandolph@example.org,2024-03-30,VIP
355,Ryan Wiley,aaron64@example.org,2024-02-28,PREMIUM
356,Mrs. Tonya Kaufman,jenniferdavis@example.org,2026-03-28,REGULAR
357,Mercedes Watson,carpenterwilliam@example.net,2026-01-02,PREMIUM
358,Keith Graham,joelgreen@example.com,2026-04-28,REGULAR
359,Ronnie Nguyen,enelson@example.org,2023-12-15,REGULAR
360,Ashley Garcia,aowens@example.org,2025-02-25,PREMIUM
361,Christine Parker,melissa12@example.net,2024-06-16,PREMIUM
362,Lindsey Lewis,eddie35@example.com,2025-01-31,REGULAR
363,Debbie Ewing,cranemelissa@example.net,2025-10-15,PREMIUM
364,Joel Lara,davidbrown@example.org,2023-12-09,VIP
365,Jacqueline Mccoy,aguilarjonathan@example.org,2023-08-11,VIP
366,Steven Ramos,christopherboone@example.com,2023-11-30,PREMIUM
367,Amber Glass,zunderwood@example.com,2023-08-20,VIP
368,Carrie Lewis,joshuagriffin@example.org,2023-08-25,VIP
369,Danielle Phillips,eandradeexample.org,2023-10-23,VIP
370,Jason Day,crystalpham@example.org,2026-07-07,REGULAR
371,Heather Stephens,kcooper@example.net,2024-07-05,VIP
372,Alexander Harper,huangkimberly@example.org,2025-12-21,VIP
373,Hunter Silva,terrigarcia@example.net,2024-04-08,PREMIUM
374,Raven Mclaughlin,barbaramcgrath@example.com,2024-08-10,VIP
375,Sarah Thompson,linda59@example.org,2025-08-27,REGULAR
376,Keith Thomas,marycochran@example.com,2025-03-04,REGULAR
377,Andrew Brown,andrewwoods@example.com,2026-04-20,PREMIUM
378,Carlos Love,brian29@example.net,2026-04-19,REGULAR
379,Sarah Valencia,brookssheri@example.com,2025-04-21,REGULAR
380,Frank Daugherty,fconner@example.net,2024-06-30,VIP
381,Kristina Preston,jeffrey92@example.com,2024-06-19,VIP
382,Bethany Daniel,xrosales@example.net,2023-08-23,REGULAR
383,Tammy Ponce,daniellegarcia@example.com,2023-12-20,PREMIUM
384,Cynthia Haas,daisymccarty@example.net,2025-07-22,PREMIUM
385,Gabriela Smith,johnjones@example.com,2025-11-27,VIP
386,Amber Kim,acosta@example.com,2026-03-11,REGULAR
387,James Poole,franciscojones@example.org,2024-06-06,VIP
388,Trevor Jones,pamelamartin@example.org,2025-03-09,PREMIUM
389,Anna Wheeler,bbush@example.net,2024-01-15,REGULAR
390,Brooke Garcia,terriortiz@example.net,2025-09-17,VIP
391,Deborah Campbell,codylong@example.net,2026-01-24,VIP
392,Isaac Patterson,madison97@example.org,2023-11-02,PREMIUM
393,Mark Rowland,tanthony@example.com,2024-12-16,VIP
394,Deborah May,ylopez@example.com,2024-02-08,PREMIUM
395,Jeremiah Baker,anne21@example.org,2025-07-20,PREMIUM
396,Jennifer Avila,angelarandall@example.net,2024-10-19,REGULAR
397,Sharon Wells,thomasmiller@example.net,2023-08-26,REGULAR
398,Kellie Duncan,davidtodd@example.org,2026-05-24,VIP
399,Daniel Lee,hendersonvanessa@example.com,2024-02-25,PREMIUM
400,Brittany Larson,renee11@example.com,2025-03-19,PREMIUM
401,Shannon Stone,buchanancindy@example.net,2025-11-21,REGULAR
402,Chase Knight,buckleyanna@example.org,2025-11-26,REGULAR
403,Sheryl Humphrey,patrick79@example.net,2024-12-18,PREMIUM
404,Jamie Montgomery,vwilliams@example.net,2024-04-04,REGULAR
405,Tammie Prince,morganlaura@example.com,2024-05-21,VIP
406,Michael Garcia PhD,kevinmanning@example.com,2024-05-09,PREMIUM
407,Matthew Lopez,robinrussell@example.com,2025-10-28,REGULAR
408,Samantha Robertson,cameronmckinney@example.com,2023-12-14,VIP
409,Sherry Johnson,nancygonzalez@example.org,2024-04-17,PREMIUM
410,Thomas Bush,micheal78@example.com,2025-06-14,VIP
411,Andre Watson,ethompson@example.net,2025-03-14,VIP
412,Ryan Green,mitchellpaul@example.org,2026-02-08,PREMIUM
413,Cindy Walker,ericaadams@example.com,2025-01-31,VIP
414,Tracy Fleming,pbuck@example.org,2025-05-07,REGULAR
415,David Trujillo,jennifer46@example.com,2026-02-06,REGULAR
416,Daniel Turner,asilva@example.net,2026-07-18,REGULAR
417,Sara Hoffman,kenneth17@example.org,2024-07-21,VIP
418,Frederick Hill,jacob83@example.org,2025-12-17,REGULAR
419,Lindsay Guerrero,jenniferrios@example.com,2024-04-28,VIP
420,James Johnson,matthewreeves@example.net,2025-02-23,REGULAR
421,Susan Powers,megan82@example.com,2023-11-02,PREMIUM
422,David Stokes,staceylam@example.net,2023-10-24,VIP
423,Patrick Parker,nathan94@example.com,2026-02-05,VIP
424,Sean Silva,kennedyjames@example.org,2026-02-23,REGULAR
425,Edwin Brown,derrickgonzalez@example.com,2026-07-04,PREMIUM
426,Victoria Thomas,kimberlyfreeman@example.net,2026-07-04,REGULAR
427,Anthony Hayes,kathleenjackson@example.org,2025-01-05,REGULAR
428,Anita Mendez,epowell@example.com,2023-07-24,PREMIUM
429,Monica Dodson,katherine83@example.org,2025-07-29,PREMIUM
430,Danielle Steele,larry16@example.net,2025-04-24,REGULAR
431,Rodney Evans,stephen89@example.net,2024-07-23,PREMIUM
432,Whitney Cooper,mhoward@example.org,2026-05-23,REGULAR
433,Jennifer Perez,jasonjohnson@example.net,2024-01-20,VIP
434,Matthew Johnson,kelsey90@example.net,2026-07-13,REGULAR
435,Martha Smith,butleromarexample.net,2024-04-21,VIP
436,Christine Jennings,turnerdorothy@example.net,2025-02-08,REGULAR
437,Mercedes Barnes,huntchristine@example.com,2023-11-20,PREMIUM
438,Craig Gonzalez,marie35@example.net,2024-10-10,VIP
439,Joshua Lozano,arivera@example.org,2025-07-24,PREMIUM
440,Sara Caldwell,stacychan@example.org,2025-09-19,VIP
441,David Hall,joseph01@example.org,2026-03-03,VIP
442,Heather Rhodes,grodgers@example.org,2023-07-29,REGULAR
443,Matthew Murphy,rfriedman@example.net,2023-10-28,REGULAR
444,Catherine Morales,ynelson@example.net,2026-02-05,REGULAR
445,Mariah Robles,andersonjessica@example.org,2023-11-09,REGULAR
446,Karen Carroll,ywhite@example.com,2025-05-19,PREMIUM
447,Sheryl Acosta,timothyfreeman@example.com,2024-11-12,REGULAR
448,Matthew Smith,tiffanysantiago@example.com,2025-02-06,REGULAR
449,Lisa Reynolds,timothyalvarado@example.net,2024-09-12,VIP
450,Kristin Huerta,smithsarah@example.net,2026-02-03,PREMIUM
451,Sheila Jones,vflores@example.com,2023-09-12,PREMIUM
452,Mason Powell,christianwallace@example.net,2024-11-21,VIP
453,Jillian Wilson,bmcgee@example.org,2024-10-03,VIP
454,Joshua Petersen,pamela83@example.net,2025-07-23,REGULAR
455,Heidi Brown,meganrivera@example.net,2025-05-06,PREMIUM
456,Heidi Chavez,malonejeffrey@example.com,2024-08-11,REGULAR
457,Rebecca Kelley,jacqueline02@example.com,2023-12-19,VIP
458,Mikayla Rodriguez,jacobconrad@example.com,2024-03-11,REGULAR
459,Cheryl Morgan,owilliams@example.net,2025-04-24,PREMIUM
460,Joanna Barrett,tamarasmith@example.net,2023-09-10,REGULAR
461,Sara Webb,heatherthompson@example.org,2023-11-09,PREMIUM
462,Lisa Morris,mbarnes@example.net,2025-10-31,REGULAR
463,Victor Waller,iballard@example.com,2025-05-09,REGULAR
464,Kayla Cameron,jennifer83@example.org,2024-03-04,PREMIUM
465,Melissa Morse,tinasantos@example.org,2025-01-21,PREMIUM
466,Erica Wilson,anna99@example.net,2025-09-04,PREMIUM
467,Stephanie Ferguson,hstokes@example.org,2023-08-15,REGULAR
468,Michael Gonzalez,tonyavega@example.org,2026-01-23,REGULAR
469,Elizabeth Molina,howardshaun@example.net,2026-02-24,REGULAR
470,Sharon Newton,yyoung@example.net,2024-05-29,VIP
471,Tammy Hughes,tammy00@example.net,2024-04-19,REGULAR
472,Priscilla Berg,rhondabushexample.net,2024-08-25,PREMIUM
473,Nancy Gonzalez,kellythompson@example.net,2023-10-08,PREMIUM
474,Nancy Wilson,pattersonangela@example.org,2024-01-11,PREMIUM
475,Abigail Owens,billmcfarland@example.net,2023-09-12,REGULAR
476,Lisa Stanley,jtyler@example.com,2023-10-06,PREMIUM
477,Kelly Krueger,hartmanerik@example.net,2025-02-26,PREMIUM
478,Daniel Lewis,mark43@example.net,2025-02-19,VIP
479,Samantha Zavala MD,sean99@example.org,2026-06-03,VIP
480,Erica Moon,cruzamber@example.com,2023-08-15,PREMIUM
481,Patricia Robertson,stucker@example.net,2024-02-14,VIP
482,Tiffany Jackson,simsjason@example.net,2025-11-12,VIP
483,Jessica Garcia,elucas@example.net,2025-08-08,PREMIUM
484,Mitchell Johnson,brownlaura@example.net,2023-10-04,REGULAR
485,Susan Russell,bmccoy@example.com,2023-08-06,REGULAR
486,Kimberly May,avilabrendaexample.net,2026-02-02,PREMIUM
487,Jonathan Roberts,catherine47@example.com,2024-09-24,REGULAR
488,Kara Ferguson,julierobles@example.net,2024-06-06,VIP
489,Elizabeth Eaton,susan08@example.net,2023-12-20,PREMIUM
490,Kenneth Long,torreskaitlin@example.net,2024-07-29,REGULAR
491,Matthew Hunt,jackjensen@example.com,2024-02-16,REGULAR
492,Robert Phelps,enewman@example.com,2025-07-24,VIP
493,Craig Carpenter,michael31@example.com,2025-05-27,PREMIUM
494,Emily Hayes,heather29@example.net,2024-08-21,PREMIUM
495,Jeffrey Smith,kristenjoseph@example.net,2024-11-07,VIP
496,Brandy Quinn,wford@example.com,2025-01-02,PREMIUM
497,Matthew Miller,michele28@example.org,2024-05-02,PREMIUM
498,Angela Jones,atkinsoncrystal@example.net,2025-04-13,VIP
499,Christy Johnson,amy87@example.net,2025-11-14,VIP
500,Daniel Barton,dennis88@example.org,2024-09-25,REGULAR
